{"cameraMode":{"drawMode":0,"name":"Shaded","section":"Shading Mode"},"sceneLighting":false,"audioPlay":false,"sceneViewState":{"m_AlwaysRefresh":false,"showFog":true,"showSkybox":false,"showFlares":true,"showImageEffects":true,"showParticleSystems":true,"showVisualEffectGraphs":true,"m_FxEnabled":true},"in2DMode":false,"pivot":{"x":0.2282634973526001,"y":-0.3477292060852051,"z":-0.22999954223632813},"rotation":{"x":0.003113712416961789,"y":0.9952630996704102,"z":0.09101080149412155,"w":-0.03405028209090233},"size":5.848621368408203,"orthographic":false}